[
    {
        "name": "Bayu Aditya Saputra",
        "phone": "085645060798",
        "email": "Masbayu598@gmail.com",
        "image": "https://cdn-icons-png.flaticon.com/512/4588/4588920.png"
    },
    {
        "name": "Aira Aditya Putri",
        "phone": "085739117156",
        "email": "Airaput@gmail.com",
        "image": "https://cdn-icons-png.flaticon.com/512/4588/4588898.png"
    },
    {
        "name": "Alia zafira",
        "phone": "085647718009",
        "email": "Zafira778@gmail.com",
        "image": "https://cdn-icons-png.flaticon.com/512/4588/4588924.png"
    },
    {
        "name": "Alintang zale hira",
        "phone": "087645089674",
        "email": "Alintang@gmail.com",
        "image": "https://cdn-icons-png.flaticon.com/512/2372/2372752.png"
    }
]